"","x"
"1","GBIF Occurrence Download https://doi.org/10.15468/dl.xhryv7 Accessed from R via rgbif (https://github.com/ropensci/rgbif) on 2026-07-09"
"2","GBIF Occurrence Download https://doi.org/10.15468/dl.khpkww Accessed from R via rgbif (https://github.com/ropensci/rgbif) on 2026-07-09"
"3","GBIF Occurrence Download https://doi.org/10.15468/dl.bb93eg Accessed from R via rgbif (https://github.com/ropensci/rgbif) on 2026-07-09"
"4","GBIF Occurrence Download https://doi.org/10.15468/dl.z87crj Accessed from R via rgbif (https://github.com/ropensci/rgbif) on 2026-07-09"
"5","GBIF Occurrence Download https://doi.org/10.15468/dl.uwvh5t Accessed from R via rgbif (https://github.com/ropensci/rgbif) on 2026-07-09"
"6","GBIF Occurrence Download https://doi.org/10.15468/dl.es8zrc Accessed from R via rgbif (https://github.com/ropensci/rgbif) on 2026-07-09"
"7","GBIF Occurrence Download https://doi.org/10.15468/dl.f2efkz Accessed from R via rgbif (https://github.com/ropensci/rgbif) on 2026-07-09"
"8","GBIF Occurrence Download https://doi.org/10.15468/dl.np59b5 Accessed from R via rgbif (https://github.com/ropensci/rgbif) on 2026-07-09"
"9","GBIF Occurrence Download https://doi.org/10.15468/dl.mfujze Accessed from R via rgbif (https://github.com/ropensci/rgbif) on 2026-07-09"
"10","GBIF Occurrence Download https://doi.org/10.15468/dl.xxrqvy Accessed from R via rgbif (https://github.com/ropensci/rgbif) on 2026-07-10"
"11","GBIF Occurrence Download https://doi.org/10.15468/dl.62zuwz Accessed from R via rgbif (https://github.com/ropensci/rgbif) on 2026-07-10"
"12","GBIF Occurrence Download https://doi.org/10.15468/dl.g457rr Accessed from R via rgbif (https://github.com/ropensci/rgbif) on 2026-07-13"
"13","GBIF Occurrence Download https://doi.org/10.15468/dl.247wg7 Accessed from R via rgbif (https://github.com/ropensci/rgbif) on 2026-07-13"
"14","GBIF Occurrence Download https://doi.org/10.15468/dl.fykcqz Accessed from R via rgbif (https://github.com/ropensci/rgbif) on 2026-07-13"
"15","GBIF Occurrence Download https://doi.org/10.15468/dl.s25xmn Accessed from R via rgbif (https://github.com/ropensci/rgbif) on 2026-07-13"
"16","GBIF Occurrence Download https://doi.org/10.15468/dl.7r4xdp Accessed from R via rgbif (https://github.com/ropensci/rgbif) on 2026-07-13"
"17","GBIF Occurrence Download https://doi.org/10.15468/dl.wt5bwz Accessed from R via rgbif (https://github.com/ropensci/rgbif) on 2026-07-14"
"18","GBIF Occurrence Download https://doi.org/10.15468/dl.4qqcyy Accessed from R via rgbif (https://github.com/ropensci/rgbif) on 2026-07-14"
"19","GBIF Occurrence Download https://doi.org/10.15468/dl.bjdtbq Accessed from R via rgbif (https://github.com/ropensci/rgbif) on 2026-07-14"
"20","GBIF Occurrence Download https://doi.org/10.15468/dl.vhf56f Accessed from R via rgbif (https://github.com/ropensci/rgbif) on 2026-07-14"
"21","GBIF Occurrence Download https://doi.org/10.15468/dl.gz2v8e Accessed from R via rgbif (https://github.com/ropensci/rgbif) on 2026-07-14"
"22","GBIF Occurrence Download https://doi.org/10.15468/dl.3jqxca Accessed from R via rgbif (https://github.com/ropensci/rgbif) on 2026-07-14"
"23","GBIF Occurrence Download https://doi.org/10.15468/dl.2suxts Accessed from R via rgbif (https://github.com/ropensci/rgbif) on 2026-07-14"
"24","GBIF Occurrence Download https://doi.org/10.15468/dl.xzk6cr Accessed from R via rgbif (https://github.com/ropensci/rgbif) on 2026-07-14"
"25","GBIF Occurrence Download https://doi.org/10.15468/dl.3gjuyc Accessed from R via rgbif (https://github.com/ropensci/rgbif) on 2026-07-14"
"26","GBIF Occurrence Download https://doi.org/10.15468/dl.3d5vy5 Accessed from R via rgbif (https://github.com/ropensci/rgbif) on 2026-07-14"
"27","GBIF Occurrence Download https://doi.org/10.15468/dl.9aytqk Accessed from R via rgbif (https://github.com/ropensci/rgbif) on 2026-07-14"
"28","GBIF Occurrence Download https://doi.org/10.15468/dl.tshpwu Accessed from R via rgbif (https://github.com/ropensci/rgbif) on 2026-07-14"
"29","GBIF Occurrence Download https://doi.org/10.15468/dl.5s66r8 Accessed from R via rgbif (https://github.com/ropensci/rgbif) on 2026-07-14"
"30","GBIF Occurrence Download https://doi.org/10.15468/dl.pt3kqm Accessed from R via rgbif (https://github.com/ropensci/rgbif) on 2026-07-14"
"31","GBIF Occurrence Download https://doi.org/10.15468/dl.bczbp5 Accessed from R via rgbif (https://github.com/ropensci/rgbif) on 2026-07-14"
"32","GBIF Occurrence Download https://doi.org/10.15468/dl.d32szq Accessed from R via rgbif (https://github.com/ropensci/rgbif) on 2026-07-14"
"33","GBIF Occurrence Download https://doi.org/10.15468/dl.3wuhtr Accessed from R via rgbif (https://github.com/ropensci/rgbif) on 2026-07-14"
"34","GBIF Occurrence Download https://doi.org/10.15468/dl.j2d5mc Accessed from R via rgbif (https://github.com/ropensci/rgbif) on 2026-07-14"
"35","GBIF Occurrence Download https://doi.org/10.15468/dl.bgmyne Accessed from R via rgbif (https://github.com/ropensci/rgbif) on 2026-07-14"
"36","GBIF Occurrence Download https://doi.org/10.15468/dl.t7ykqh Accessed from R via rgbif (https://github.com/ropensci/rgbif) on 2026-07-14"
"37","GBIF Occurrence Download https://doi.org/10.15468/dl.8a6t99 Accessed from R via rgbif (https://github.com/ropensci/rgbif) on 2026-07-14"
"38","GBIF Occurrence Download https://doi.org/10.15468/dl.jr24md Accessed from R via rgbif (https://github.com/ropensci/rgbif) on 2026-07-14"
"39","GBIF Occurrence Download https://doi.org/10.15468/dl.b6nv9c Accessed from R via rgbif (https://github.com/ropensci/rgbif) on 2026-07-14"
"40","GBIF Occurrence Download https://doi.org/10.15468/dl.hsdycx Accessed from R via rgbif (https://github.com/ropensci/rgbif) on 2026-07-14"
"41","GBIF Occurrence Download https://doi.org/10.15468/dl.8u3sfy Accessed from R via rgbif (https://github.com/ropensci/rgbif) on 2026-07-14"
"42","GBIF Occurrence Download https://doi.org/10.15468/dl.7k2wyw Accessed from R via rgbif (https://github.com/ropensci/rgbif) on 2026-07-14"
"43","GBIF Occurrence Download https://doi.org/10.15468/dl.x7edcd Accessed from R via rgbif (https://github.com/ropensci/rgbif) on 2026-07-14"
"44","GBIF Occurrence Download https://doi.org/10.15468/dl.exnw5c Accessed from R via rgbif (https://github.com/ropensci/rgbif) on 2026-07-14"
"45","GBIF Occurrence Download https://doi.org/10.15468/dl.e545e7 Accessed from R via rgbif (https://github.com/ropensci/rgbif) on 2026-07-14"
"46","GBIF Occurrence Download https://doi.org/10.15468/dl.8srafp Accessed from R via rgbif (https://github.com/ropensci/rgbif) on 2026-07-14"
"47","GBIF Occurrence Download https://doi.org/10.15468/dl.7ujsje Accessed from R via rgbif (https://github.com/ropensci/rgbif) on 2026-07-14"
"48","GBIF Occurrence Download https://doi.org/10.15468/dl.2gjwqu Accessed from R via rgbif (https://github.com/ropensci/rgbif) on 2026-07-14"
"49","GBIF Occurrence Download https://doi.org/10.15468/dl.nmq5v6 Accessed from R via rgbif (https://github.com/ropensci/rgbif) on 2026-07-14"
"50","GBIF Occurrence Download https://doi.org/10.15468/dl.26nsv3 Accessed from R via rgbif (https://github.com/ropensci/rgbif) on 2026-07-14"
"51","GBIF Occurrence Download https://doi.org/10.15468/dl.azu2r7 Accessed from R via rgbif (https://github.com/ropensci/rgbif) on 2026-07-14"
"52","GBIF Occurrence Download https://doi.org/10.15468/dl.t2zfcj Accessed from R via rgbif (https://github.com/ropensci/rgbif) on 2026-07-14"
"53","GBIF Occurrence Download https://doi.org/10.15468/dl.bbw26u Accessed from R via rgbif (https://github.com/ropensci/rgbif) on 2026-07-14"
"54","GBIF Occurrence Download https://doi.org/10.15468/dl.rbacnd Accessed from R via rgbif (https://github.com/ropensci/rgbif) on 2026-07-14"
"55","GBIF Occurrence Download https://doi.org/10.15468/dl.5nrhn3 Accessed from R via rgbif (https://github.com/ropensci/rgbif) on 2026-07-14"
"56","GBIF Occurrence Download https://doi.org/10.15468/dl.49kvyr Accessed from R via rgbif (https://github.com/ropensci/rgbif) on 2026-07-14"
"57","GBIF Occurrence Download https://doi.org/10.15468/dl.xpyvep Accessed from R via rgbif (https://github.com/ropensci/rgbif) on 2026-07-14"
"58","GBIF Occurrence Download https://doi.org/10.15468/dl.7gx6t2 Accessed from R via rgbif (https://github.com/ropensci/rgbif) on 2026-07-14"
"59","GBIF Occurrence Download https://doi.org/10.15468/dl.752yer Accessed from R via rgbif (https://github.com/ropensci/rgbif) on 2026-07-14"
"60","GBIF Occurrence Download https://doi.org/10.15468/dl.2afzsy Accessed from R via rgbif (https://github.com/ropensci/rgbif) on 2026-07-14"
"61","GBIF Occurrence Download https://doi.org/10.15468/dl.5cpp4u Accessed from R via rgbif (https://github.com/ropensci/rgbif) on 2026-07-14"
"62","GBIF Occurrence Download https://doi.org/10.15468/dl.dtsa9e Accessed from R via rgbif (https://github.com/ropensci/rgbif) on 2026-07-14"
"63","GBIF Occurrence Download https://doi.org/10.15468/dl.bkmeb6 Accessed from R via rgbif (https://github.com/ropensci/rgbif) on 2026-07-14"
"64","GBIF Occurrence Download https://doi.org/10.15468/dl.g57x4y Accessed from R via rgbif (https://github.com/ropensci/rgbif) on 2026-07-14"
"65","GBIF Occurrence Download https://doi.org/10.15468/dl.zm7kut Accessed from R via rgbif (https://github.com/ropensci/rgbif) on 2026-07-14"
"66","GBIF Occurrence Download https://doi.org/10.15468/dl.553u82 Accessed from R via rgbif (https://github.com/ropensci/rgbif) on 2026-07-14"
"67","GBIF Occurrence Download https://doi.org/10.15468/dl.8d4yvv Accessed from R via rgbif (https://github.com/ropensci/rgbif) on 2026-07-14"
"68","GBIF Occurrence Download https://doi.org/10.15468/dl.7vzqx3 Accessed from R via rgbif (https://github.com/ropensci/rgbif) on 2026-07-14"
"69","GBIF Occurrence Download https://doi.org/10.15468/dl.har5pb Accessed from R via rgbif (https://github.com/ropensci/rgbif) on 2026-07-14"
"70","GBIF Occurrence Download https://doi.org/10.15468/dl.87g8nt Accessed from R via rgbif (https://github.com/ropensci/rgbif) on 2026-07-14"
"71","GBIF Occurrence Download https://doi.org/10.15468/dl.9rgr3f Accessed from R via rgbif (https://github.com/ropensci/rgbif) on 2026-07-14"
"72","GBIF Occurrence Download https://doi.org/10.15468/dl.jhehba Accessed from R via rgbif (https://github.com/ropensci/rgbif) on 2026-07-14"
"73","GBIF Occurrence Download https://doi.org/10.15468/dl.p45dgh Accessed from R via rgbif (https://github.com/ropensci/rgbif) on 2026-07-14"
"74","GBIF Occurrence Download https://doi.org/10.15468/dl.38yubc Accessed from R via rgbif (https://github.com/ropensci/rgbif) on 2026-07-14"
"75","GBIF Occurrence Download https://doi.org/10.15468/dl.sucqpu Accessed from R via rgbif (https://github.com/ropensci/rgbif) on 2026-07-14"
"76","GBIF Occurrence Download https://doi.org/10.15468/dl.2st6ux Accessed from R via rgbif (https://github.com/ropensci/rgbif) on 2026-07-14"
"77","GBIF Occurrence Download https://doi.org/10.15468/dl.xmfmmk Accessed from R via rgbif (https://github.com/ropensci/rgbif) on 2026-07-14"
"78","GBIF Occurrence Download https://doi.org/10.15468/dl.ra4vuy Accessed from R via rgbif (https://github.com/ropensci/rgbif) on 2026-07-14"
"79","GBIF Occurrence Download https://doi.org/10.15468/dl.mwdc4b Accessed from R via rgbif (https://github.com/ropensci/rgbif) on 2026-07-14"
"80","GBIF Occurrence Download https://doi.org/10.15468/dl.uvp6z7 Accessed from R via rgbif (https://github.com/ropensci/rgbif) on 2026-07-14"
"81","GBIF Occurrence Download https://doi.org/10.15468/dl.u5cwe9 Accessed from R via rgbif (https://github.com/ropensci/rgbif) on 2026-07-14"
"82","GBIF Occurrence Download https://doi.org/10.15468/dl.qsgrn2 Accessed from R via rgbif (https://github.com/ropensci/rgbif) on 2026-07-14"
"83","GBIF Occurrence Download https://doi.org/10.15468/dl.znbqfa Accessed from R via rgbif (https://github.com/ropensci/rgbif) on 2026-07-14"
"84","GBIF Occurrence Download https://doi.org/10.15468/dl.hnyxfw Accessed from R via rgbif (https://github.com/ropensci/rgbif) on 2026-07-14"
"85","GBIF Occurrence Download https://doi.org/10.15468/dl.tzyvva Accessed from R via rgbif (https://github.com/ropensci/rgbif) on 2026-07-14"
"86","GBIF Occurrence Download https://doi.org/10.15468/dl.keavz4 Accessed from R via rgbif (https://github.com/ropensci/rgbif) on 2026-07-14"
"87","GBIF Occurrence Download https://doi.org/10.15468/dl.69qcmp Accessed from R via rgbif (https://github.com/ropensci/rgbif) on 2026-07-14"
"88","GBIF Occurrence Download https://doi.org/10.15468/dl.zqr55j Accessed from R via rgbif (https://github.com/ropensci/rgbif) on 2026-07-14"
"89","GBIF Occurrence Download https://doi.org/10.15468/dl.d3x4qa Accessed from R via rgbif (https://github.com/ropensci/rgbif) on 2026-07-14"
"90","GBIF Occurrence Download https://doi.org/10.15468/dl.sg5ggv Accessed from R via rgbif (https://github.com/ropensci/rgbif) on 2026-07-14"
"91","GBIF Occurrence Download https://doi.org/10.15468/dl.4qdvh7 Accessed from R via rgbif (https://github.com/ropensci/rgbif) on 2026-07-14"
"92","GBIF Occurrence Download https://doi.org/10.15468/dl.sg8hvf Accessed from R via rgbif (https://github.com/ropensci/rgbif) on 2026-07-14"
"93","GBIF Occurrence Download https://doi.org/10.15468/dl.qz5x6u Accessed from R via rgbif (https://github.com/ropensci/rgbif) on 2026-07-14"
"94","GBIF Occurrence Download https://doi.org/10.15468/dl.3etwjv Accessed from R via rgbif (https://github.com/ropensci/rgbif) on 2026-07-14"
"95","GBIF Occurrence Download https://doi.org/10.15468/dl.trr4xq Accessed from R via rgbif (https://github.com/ropensci/rgbif) on 2026-07-14"
"96","GBIF Occurrence Download https://doi.org/10.15468/dl.79d8ar Accessed from R via rgbif (https://github.com/ropensci/rgbif) on 2026-07-14"
"97","GBIF Occurrence Download https://doi.org/10.15468/dl.ezy4zq Accessed from R via rgbif (https://github.com/ropensci/rgbif) on 2026-07-14"
"98","GBIF Occurrence Download https://doi.org/10.15468/dl.afs3j4 Accessed from R via rgbif (https://github.com/ropensci/rgbif) on 2026-07-14"
"99","GBIF Occurrence Download https://doi.org/10.15468/dl.9nmzve Accessed from R via rgbif (https://github.com/ropensci/rgbif) on 2026-07-14"
"100","GBIF Occurrence Download https://doi.org/10.15468/dl.93ec3p Accessed from R via rgbif (https://github.com/ropensci/rgbif) on 2026-07-14"
"101","GBIF Occurrence Download https://doi.org/10.15468/dl.64qpn7 Accessed from R via rgbif (https://github.com/ropensci/rgbif) on 2026-07-14"
"102","GBIF Occurrence Download https://doi.org/10.15468/dl.s577gw Accessed from R via rgbif (https://github.com/ropensci/rgbif) on 2026-07-14"
"103","GBIF Occurrence Download https://doi.org/10.15468/dl.xd57ue Accessed from R via rgbif (https://github.com/ropensci/rgbif) on 2026-07-14"
"104","GBIF Occurrence Download https://doi.org/10.15468/dl.dst5yv Accessed from R via rgbif (https://github.com/ropensci/rgbif) on 2026-07-14"
"105","GBIF Occurrence Download https://doi.org/10.15468/dl.zhpgxh Accessed from R via rgbif (https://github.com/ropensci/rgbif) on 2026-07-14"
"106","GBIF Occurrence Download https://doi.org/10.15468/dl.eyng9u Accessed from R via rgbif (https://github.com/ropensci/rgbif) on 2026-07-14"
"107","GBIF Occurrence Download https://doi.org/10.15468/dl.acvwwt Accessed from R via rgbif (https://github.com/ropensci/rgbif) on 2026-07-14"
"108","GBIF Occurrence Download https://doi.org/10.15468/dl.t9m9w4 Accessed from R via rgbif (https://github.com/ropensci/rgbif) on 2026-07-14"
"109","GBIF Occurrence Download https://doi.org/10.15468/dl.g7kyx7 Accessed from R via rgbif (https://github.com/ropensci/rgbif) on 2026-07-14"
"110","GBIF Occurrence Download https://doi.org/10.15468/dl.5nvxv6 Accessed from R via rgbif (https://github.com/ropensci/rgbif) on 2026-07-14"
"111","GBIF Occurrence Download https://doi.org/10.15468/dl.jazncj Accessed from R via rgbif (https://github.com/ropensci/rgbif) on 2026-07-14"
"112","GBIF Occurrence Download https://doi.org/10.15468/dl.9dsjn7 Accessed from R via rgbif (https://github.com/ropensci/rgbif) on 2026-07-15"
"113","GBIF Occurrence Download https://doi.org/10.15468/dl.a8xwef Accessed from R via rgbif (https://github.com/ropensci/rgbif) on 2026-07-15"
"114","GBIF Occurrence Download https://doi.org/10.15468/dl.afggxv Accessed from R via rgbif (https://github.com/ropensci/rgbif) on 2026-07-15"
"115","GBIF Occurrence Download https://doi.org/10.15468/dl.zjdn9p Accessed from R via rgbif (https://github.com/ropensci/rgbif) on 2026-07-15"
"116","GBIF Occurrence Download https://doi.org/10.15468/dl.pnj695 Accessed from R via rgbif (https://github.com/ropensci/rgbif) on 2026-07-15"
"117","GBIF Occurrence Download https://doi.org/10.15468/dl.tkza49 Accessed from R via rgbif (https://github.com/ropensci/rgbif) on 2026-07-15"
"118","GBIF Occurrence Download https://doi.org/10.15468/dl.nmq2wn Accessed from R via rgbif (https://github.com/ropensci/rgbif) on 2026-07-15"
"119","GBIF Occurrence Download https://doi.org/10.15468/dl.nubm5j Accessed from R via rgbif (https://github.com/ropensci/rgbif) on 2026-07-15"
"120","GBIF Occurrence Download https://doi.org/10.15468/dl.dgfktk Accessed from R via rgbif (https://github.com/ropensci/rgbif) on 2026-07-15"
"121","GBIF Occurrence Download https://doi.org/10.15468/dl.cfpvxg Accessed from R via rgbif (https://github.com/ropensci/rgbif) on 2026-07-15"
"122","GBIF Occurrence Download https://doi.org/10.15468/dl.khmbmp Accessed from R via rgbif (https://github.com/ropensci/rgbif) on 2026-07-15"
"123","GBIF Occurrence Download https://doi.org/10.15468/dl.ks9x4t Accessed from R via rgbif (https://github.com/ropensci/rgbif) on 2026-07-15"
"124","GBIF Occurrence Download https://doi.org/10.15468/dl.cjqdrk Accessed from R via rgbif (https://github.com/ropensci/rgbif) on 2026-07-15"
"125","GBIF Occurrence Download https://doi.org/10.15468/dl.srnsgr Accessed from R via rgbif (https://github.com/ropensci/rgbif) on 2026-07-15"
"126","GBIF Occurrence Download https://doi.org/10.15468/dl.auvzgh Accessed from R via rgbif (https://github.com/ropensci/rgbif) on 2026-07-15"
"127","GBIF Occurrence Download https://doi.org/10.15468/dl.vmca3h Accessed from R via rgbif (https://github.com/ropensci/rgbif) on 2026-07-15"
"128","GBIF Occurrence Download https://doi.org/10.15468/dl.4g62rg Accessed from R via rgbif (https://github.com/ropensci/rgbif) on 2026-07-15"
"129","GBIF Occurrence Download https://doi.org/10.15468/dl.exs53h Accessed from R via rgbif (https://github.com/ropensci/rgbif) on 2026-07-15"
"130","GBIF Occurrence Download https://doi.org/10.15468/dl.b9yaa5 Accessed from R via rgbif (https://github.com/ropensci/rgbif) on 2026-07-15"
"131","GBIF Occurrence Download https://doi.org/10.15468/dl.8ejjzf Accessed from R via rgbif (https://github.com/ropensci/rgbif) on 2026-07-15"
"132","GBIF Occurrence Download https://doi.org/10.15468/dl.hgekkd Accessed from R via rgbif (https://github.com/ropensci/rgbif) on 2026-07-15"
"133","GBIF Occurrence Download https://doi.org/10.15468/dl.qrx9hj Accessed from R via rgbif (https://github.com/ropensci/rgbif) on 2026-07-15"
"134","GBIF Occurrence Download https://doi.org/10.15468/dl.v8p5uj Accessed from R via rgbif (https://github.com/ropensci/rgbif) on 2026-07-15"
"135","GBIF Occurrence Download https://doi.org/10.15468/dl.ran9q3 Accessed from R via rgbif (https://github.com/ropensci/rgbif) on 2026-07-15"
"136","GBIF Occurrence Download https://doi.org/10.15468/dl.3v3e5k Accessed from R via rgbif (https://github.com/ropensci/rgbif) on 2026-07-15"
"137","GBIF Occurrence Download https://doi.org/10.15468/dl.23e9zt Accessed from R via rgbif (https://github.com/ropensci/rgbif) on 2026-07-15"
"138","GBIF Occurrence Download https://doi.org/10.15468/dl.zxrpz9 Accessed from R via rgbif (https://github.com/ropensci/rgbif) on 2026-07-15"
"139","GBIF Occurrence Download https://doi.org/10.15468/dl.qaksxa Accessed from R via rgbif (https://github.com/ropensci/rgbif) on 2026-07-15"
"140","GBIF Occurrence Download https://doi.org/10.15468/dl.9mwhz8 Accessed from R via rgbif (https://github.com/ropensci/rgbif) on 2026-07-15"
"141","GBIF Occurrence Download https://doi.org/10.15468/dl.psje4s Accessed from R via rgbif (https://github.com/ropensci/rgbif) on 2026-07-15"
"142","GBIF Occurrence Download https://doi.org/10.15468/dl.932ae6 Accessed from R via rgbif (https://github.com/ropensci/rgbif) on 2026-07-15"
"143","GBIF Occurrence Download https://doi.org/10.15468/dl.56qy8v Accessed from R via rgbif (https://github.com/ropensci/rgbif) on 2026-07-15"
"144","GBIF Occurrence Download https://doi.org/10.15468/dl.mbqfy4 Accessed from R via rgbif (https://github.com/ropensci/rgbif) on 2026-07-15"
"145","GBIF Occurrence Download https://doi.org/10.15468/dl.6t83g8 Accessed from R via rgbif (https://github.com/ropensci/rgbif) on 2026-07-15"
"146","GBIF Occurrence Download https://doi.org/10.15468/dl.dntmpw Accessed from R via rgbif (https://github.com/ropensci/rgbif) on 2026-07-15"
"147","GBIF Occurrence Download https://doi.org/10.15468/dl.gsepsh Accessed from R via rgbif (https://github.com/ropensci/rgbif) on 2026-07-15"
"148","GBIF Occurrence Download https://doi.org/10.15468/dl.eem8mu Accessed from R via rgbif (https://github.com/ropensci/rgbif) on 2026-07-15"
"149","GBIF Occurrence Download https://doi.org/10.15468/dl.a6ehm5 Accessed from R via rgbif (https://github.com/ropensci/rgbif) on 2026-07-15"
"150","GBIF Occurrence Download https://doi.org/10.15468/dl.wappy9 Accessed from R via rgbif (https://github.com/ropensci/rgbif) on 2026-07-15"
"151","GBIF Occurrence Download https://doi.org/10.15468/dl.svd434 Accessed from R via rgbif (https://github.com/ropensci/rgbif) on 2026-07-15"
"152","GBIF Occurrence Download https://doi.org/10.15468/dl.fap3ne Accessed from R via rgbif (https://github.com/ropensci/rgbif) on 2026-07-15"
"153","GBIF Occurrence Download https://doi.org/10.15468/dl.k2t34r Accessed from R via rgbif (https://github.com/ropensci/rgbif) on 2026-07-15"
"154","GBIF Occurrence Download https://doi.org/10.15468/dl.zeykrm Accessed from R via rgbif (https://github.com/ropensci/rgbif) on 2026-07-15"
"155","GBIF Occurrence Download https://doi.org/10.15468/dl.yauvdb Accessed from R via rgbif (https://github.com/ropensci/rgbif) on 2026-07-15"
"156","GBIF Occurrence Download https://doi.org/10.15468/dl.kqzadt Accessed from R via rgbif (https://github.com/ropensci/rgbif) on 2026-07-15"
"157","GBIF Occurrence Download https://doi.org/10.15468/dl.ta9fns Accessed from R via rgbif (https://github.com/ropensci/rgbif) on 2026-07-15"
"158","GBIF Occurrence Download https://doi.org/10.15468/dl.kqvpb6 Accessed from R via rgbif (https://github.com/ropensci/rgbif) on 2026-07-15"
"159","GBIF Occurrence Download https://doi.org/10.15468/dl.q4d7zq Accessed from R via rgbif (https://github.com/ropensci/rgbif) on 2026-07-15"
"160","GBIF Occurrence Download https://doi.org/10.15468/dl.n3fc4g Accessed from R via rgbif (https://github.com/ropensci/rgbif) on 2026-07-15"
"161","GBIF Occurrence Download https://doi.org/10.15468/dl.wkw34d Accessed from R via rgbif (https://github.com/ropensci/rgbif) on 2026-07-15"
"162","GBIF Occurrence Download https://doi.org/10.15468/dl.n4qgr3 Accessed from R via rgbif (https://github.com/ropensci/rgbif) on 2026-07-15"
"163","GBIF Occurrence Download https://doi.org/10.15468/dl.hzu75t Accessed from R via rgbif (https://github.com/ropensci/rgbif) on 2026-07-16"
"164","GBIF Occurrence Download https://doi.org/10.15468/dl.38a87d Accessed from R via rgbif (https://github.com/ropensci/rgbif) on 2026-07-16"
"165","GBIF Occurrence Download https://doi.org/10.15468/dl.vp4aa8 Accessed from R via rgbif (https://github.com/ropensci/rgbif) on 2026-07-16"
"166","GBIF Occurrence Download https://doi.org/10.15468/dl.p7g8h4 Accessed from R via rgbif (https://github.com/ropensci/rgbif) on 2026-07-16"
"167","GBIF Occurrence Download https://doi.org/10.15468/dl.e26qt7 Accessed from R via rgbif (https://github.com/ropensci/rgbif) on 2026-07-16"
"168","GBIF Occurrence Download https://doi.org/10.15468/dl.ck76s4 Accessed from R via rgbif (https://github.com/ropensci/rgbif) on 2026-07-16"
"169","GBIF Occurrence Download https://doi.org/10.15468/dl.4hdtbq Accessed from R via rgbif (https://github.com/ropensci/rgbif) on 2026-07-16"
"170","GBIF Occurrence Download https://doi.org/10.15468/dl.js76ft Accessed from R via rgbif (https://github.com/ropensci/rgbif) on 2026-07-16"
"171","GBIF Occurrence Download https://doi.org/10.15468/dl.abq7bh Accessed from R via rgbif (https://github.com/ropensci/rgbif) on 2026-07-16"
"172","GBIF Occurrence Download https://doi.org/10.15468/dl.twn2tn Accessed from R via rgbif (https://github.com/ropensci/rgbif) on 2026-07-16"
"173","GBIF Occurrence Download https://doi.org/10.15468/dl.4j7qan Accessed from R via rgbif (https://github.com/ropensci/rgbif) on 2026-07-16"
"174","GBIF Occurrence Download https://doi.org/10.15468/dl.na4j3d Accessed from R via rgbif (https://github.com/ropensci/rgbif) on 2026-07-16"
"175","GBIF Occurrence Download https://doi.org/10.15468/dl.8r4tdv Accessed from R via rgbif (https://github.com/ropensci/rgbif) on 2026-07-16"
"176","GBIF Occurrence Download https://doi.org/10.15468/dl.g7hyrs Accessed from R via rgbif (https://github.com/ropensci/rgbif) on 2026-07-16"
"177","GBIF Occurrence Download https://doi.org/10.15468/dl.k67cxp Accessed from R via rgbif (https://github.com/ropensci/rgbif) on 2026-07-16"
"178","GBIF Occurrence Download https://doi.org/10.15468/dl.xgx2cz Accessed from R via rgbif (https://github.com/ropensci/rgbif) on 2026-07-16"
"179","GBIF Occurrence Download https://doi.org/10.15468/dl.tuqj3y Accessed from R via rgbif (https://github.com/ropensci/rgbif) on 2026-07-16"
"180","GBIF Occurrence Download https://doi.org/10.15468/dl.z9jjsk Accessed from R via rgbif (https://github.com/ropensci/rgbif) on 2026-07-16"
"181","GBIF Occurrence Download https://doi.org/10.15468/dl.6ryeab Accessed from R via rgbif (https://github.com/ropensci/rgbif) on 2026-07-16"
"182","GBIF Occurrence Download https://doi.org/10.15468/dl.x5upqa Accessed from R via rgbif (https://github.com/ropensci/rgbif) on 2026-07-16"
"183","GBIF Occurrence Download https://doi.org/10.15468/dl.5vwykp Accessed from R via rgbif (https://github.com/ropensci/rgbif) on 2026-07-16"
"184","GBIF Occurrence Download https://doi.org/10.15468/dl.bb3gdb Accessed from R via rgbif (https://github.com/ropensci/rgbif) on 2026-07-16"
"185","GBIF Occurrence Download https://doi.org/10.15468/dl.7t2z8h Accessed from R via rgbif (https://github.com/ropensci/rgbif) on 2026-07-16"
"186","GBIF Occurrence Download https://doi.org/10.15468/dl.6ju3x6 Accessed from R via rgbif (https://github.com/ropensci/rgbif) on 2026-07-16"
"187","GBIF Occurrence Download https://doi.org/10.15468/dl.zjwmkh Accessed from R via rgbif (https://github.com/ropensci/rgbif) on 2026-07-16"
"188","GBIF Occurrence Download https://doi.org/10.15468/dl.avmnzt Accessed from R via rgbif (https://github.com/ropensci/rgbif) on 2026-07-16"
"189","GBIF Occurrence Download https://doi.org/10.15468/dl.xddze3 Accessed from R via rgbif (https://github.com/ropensci/rgbif) on 2026-07-16"
"190","GBIF Occurrence Download https://doi.org/10.15468/dl.qzpn52 Accessed from R via rgbif (https://github.com/ropensci/rgbif) on 2026-07-16"
"191","GBIF Occurrence Download https://doi.org/10.15468/dl.f8june Accessed from R via rgbif (https://github.com/ropensci/rgbif) on 2026-07-16"
"192","GBIF Occurrence Download https://doi.org/10.15468/dl.j638gs Accessed from R via rgbif (https://github.com/ropensci/rgbif) on 2026-07-16"
"193","GBIF Occurrence Download https://doi.org/10.15468/dl.emrejg Accessed from R via rgbif (https://github.com/ropensci/rgbif) on 2026-07-16"
"194","GBIF Occurrence Download https://doi.org/10.15468/dl.cyj37k Accessed from R via rgbif (https://github.com/ropensci/rgbif) on 2026-07-16"
"195","GBIF Occurrence Download https://doi.org/10.15468/dl.c4uu7s Accessed from R via rgbif (https://github.com/ropensci/rgbif) on 2026-07-16"
"196","GBIF Occurrence Download https://doi.org/10.15468/dl.x8za3e Accessed from R via rgbif (https://github.com/ropensci/rgbif) on 2026-07-16"
"197","GBIF Occurrence Download https://doi.org/10.15468/dl.dgrcfq Accessed from R via rgbif (https://github.com/ropensci/rgbif) on 2026-07-16"
"198","GBIF Occurrence Download https://doi.org/10.15468/dl.a9kmkg Accessed from R via rgbif (https://github.com/ropensci/rgbif) on 2026-07-16"
"199","GBIF Occurrence Download https://doi.org/10.15468/dl.s2mvyq Accessed from R via rgbif (https://github.com/ropensci/rgbif) on 2026-07-16"
"200","GBIF Occurrence Download https://doi.org/10.15468/dl.9rr4ke Accessed from R via rgbif (https://github.com/ropensci/rgbif) on 2026-07-16"
"201","GBIF Occurrence Download https://doi.org/10.15468/dl.2k2pkv Accessed from R via rgbif (https://github.com/ropensci/rgbif) on 2026-07-16"
"202","GBIF Occurrence Download https://doi.org/10.15468/dl.5apbgf Accessed from R via rgbif (https://github.com/ropensci/rgbif) on 2026-07-16"
"203","GBIF Occurrence Download https://doi.org/10.15468/dl.bjzzq7 Accessed from R via rgbif (https://github.com/ropensci/rgbif) on 2026-07-16"
"204","GBIF Occurrence Download https://doi.org/10.15468/dl.su87ct Accessed from R via rgbif (https://github.com/ropensci/rgbif) on 2026-07-16"
"205","GBIF Occurrence Download https://doi.org/10.15468/dl.6yfv2s Accessed from R via rgbif (https://github.com/ropensci/rgbif) on 2026-07-16"
"206","GBIF Occurrence Download https://doi.org/10.15468/dl.m5tr2e Accessed from R via rgbif (https://github.com/ropensci/rgbif) on 2026-07-16"
"207","GBIF Occurrence Download https://doi.org/10.15468/dl.qkkuty Accessed from R via rgbif (https://github.com/ropensci/rgbif) on 2026-07-16"
"208","GBIF Occurrence Download https://doi.org/10.15468/dl.d8eq82 Accessed from R via rgbif (https://github.com/ropensci/rgbif) on 2026-07-16"
"209","GBIF Occurrence Download https://doi.org/10.15468/dl.mdqq5k Accessed from R via rgbif (https://github.com/ropensci/rgbif) on 2026-07-16"
"210","GBIF Occurrence Download https://doi.org/10.15468/dl.dcs79k Accessed from R via rgbif (https://github.com/ropensci/rgbif) on 2026-07-16"
"211","GBIF Occurrence Download https://doi.org/10.15468/dl.efd7dr Accessed from R via rgbif (https://github.com/ropensci/rgbif) on 2026-07-16"
"212","GBIF Occurrence Download https://doi.org/10.15468/dl.mwayjg Accessed from R via rgbif (https://github.com/ropensci/rgbif) on 2026-07-16"
"213","GBIF Occurrence Download https://doi.org/10.15468/dl.m4cqzj Accessed from R via rgbif (https://github.com/ropensci/rgbif) on 2026-07-16"
"214","GBIF Occurrence Download https://doi.org/10.15468/dl.r2tgmu Accessed from R via rgbif (https://github.com/ropensci/rgbif) on 2026-07-16"
"215","GBIF Occurrence Download https://doi.org/10.15468/dl.472ppz Accessed from R via rgbif (https://github.com/ropensci/rgbif) on 2026-07-16"
"216","GBIF Occurrence Download https://doi.org/10.15468/dl.u5efva Accessed from R via rgbif (https://github.com/ropensci/rgbif) on 2026-07-16"
"217","GBIF Occurrence Download https://doi.org/10.15468/dl.g7phs2 Accessed from R via rgbif (https://github.com/ropensci/rgbif) on 2026-07-16"
"218","GBIF Occurrence Download https://doi.org/10.15468/dl.cm2cv3 Accessed from R via rgbif (https://github.com/ropensci/rgbif) on 2026-07-16"
"219","GBIF Occurrence Download https://doi.org/10.15468/dl.4uzyx8 Accessed from R via rgbif (https://github.com/ropensci/rgbif) on 2026-07-16"
"220","GBIF Occurrence Download https://doi.org/10.15468/dl.ru7rnq Accessed from R via rgbif (https://github.com/ropensci/rgbif) on 2026-07-16"
"221","GBIF Occurrence Download https://doi.org/10.15468/dl.5na78q Accessed from R via rgbif (https://github.com/ropensci/rgbif) on 2026-07-16"
"222","GBIF Occurrence Download https://doi.org/10.15468/dl.rpr44c Accessed from R via rgbif (https://github.com/ropensci/rgbif) on 2026-07-16"
"223","GBIF Occurrence Download https://doi.org/10.15468/dl.s4p4as Accessed from R via rgbif (https://github.com/ropensci/rgbif) on 2026-07-16"
"224","GBIF Occurrence Download https://doi.org/10.15468/dl.z8bxcb Accessed from R via rgbif (https://github.com/ropensci/rgbif) on 2026-07-16"
"225","GBIF Occurrence Download https://doi.org/10.15468/dl.8yjma9 Accessed from R via rgbif (https://github.com/ropensci/rgbif) on 2026-07-16"
"226","GBIF Occurrence Download https://doi.org/10.15468/dl.vt5k9k Accessed from R via rgbif (https://github.com/ropensci/rgbif) on 2026-07-16"
"227","GBIF Occurrence Download https://doi.org/10.15468/dl.3zb2jv Accessed from R via rgbif (https://github.com/ropensci/rgbif) on 2026-07-16"
"228","GBIF Occurrence Download https://doi.org/10.15468/dl.xphhua Accessed from R via rgbif (https://github.com/ropensci/rgbif) on 2026-07-16"
"229","GBIF Occurrence Download https://doi.org/10.15468/dl.r6kr7a Accessed from R via rgbif (https://github.com/ropensci/rgbif) on 2026-07-16"
"230","GBIF Occurrence Download https://doi.org/10.15468/dl.ppd4zt Accessed from R via rgbif (https://github.com/ropensci/rgbif) on 2026-07-16"
"231","GBIF Occurrence Download https://doi.org/10.15468/dl.pw73fb Accessed from R via rgbif (https://github.com/ropensci/rgbif) on 2026-07-16"
"232","GBIF Occurrence Download https://doi.org/10.15468/dl.6rkgjy Accessed from R via rgbif (https://github.com/ropensci/rgbif) on 2026-07-16"
"233","GBIF Occurrence Download https://doi.org/10.15468/dl.bqz5pg Accessed from R via rgbif (https://github.com/ropensci/rgbif) on 2026-07-16"
"234","GBIF Occurrence Download https://doi.org/10.15468/dl.q487tr Accessed from R via rgbif (https://github.com/ropensci/rgbif) on 2026-07-16"
"235","GBIF Occurrence Download https://doi.org/10.15468/dl.63776v Accessed from R via rgbif (https://github.com/ropensci/rgbif) on 2026-07-16"
"236","GBIF Occurrence Download https://doi.org/10.15468/dl.3f7j6t Accessed from R via rgbif (https://github.com/ropensci/rgbif) on 2026-07-16"
"237","GBIF Occurrence Download https://doi.org/10.15468/dl.w2svtb Accessed from R via rgbif (https://github.com/ropensci/rgbif) on 2026-07-16"
"238","GBIF Occurrence Download https://doi.org/10.15468/dl.y3kwtb Accessed from R via rgbif (https://github.com/ropensci/rgbif) on 2026-07-16"
"239","GBIF Occurrence Download https://doi.org/10.15468/dl.2h9vnm Accessed from R via rgbif (https://github.com/ropensci/rgbif) on 2026-07-16"
"240","GBIF Occurrence Download https://doi.org/10.15468/dl.9tcqta Accessed from R via rgbif (https://github.com/ropensci/rgbif) on 2026-07-16"
"241","GBIF Occurrence Download https://doi.org/10.15468/dl.b3rj2x Accessed from R via rgbif (https://github.com/ropensci/rgbif) on 2026-07-16"
"242","GBIF Occurrence Download https://doi.org/10.15468/dl.hf3z5m Accessed from R via rgbif (https://github.com/ropensci/rgbif) on 2026-07-16"
"243","GBIF Occurrence Download https://doi.org/10.15468/dl.wb6h6s Accessed from R via rgbif (https://github.com/ropensci/rgbif) on 2026-07-16"
"244","GBIF Occurrence Download https://doi.org/10.15468/dl.3745xx Accessed from R via rgbif (https://github.com/ropensci/rgbif) on 2026-07-16"
"245","GBIF Occurrence Download https://doi.org/10.15468/dl.wa662w Accessed from R via rgbif (https://github.com/ropensci/rgbif) on 2026-07-16"
"246","GBIF Occurrence Download https://doi.org/10.15468/dl.wrfmda Accessed from R via rgbif (https://github.com/ropensci/rgbif) on 2026-07-16"
"247","GBIF Occurrence Download https://doi.org/10.15468/dl.r9dvfs Accessed from R via rgbif (https://github.com/ropensci/rgbif) on 2026-07-16"
"248","GBIF Occurrence Download https://doi.org/10.15468/dl.hktrby Accessed from R via rgbif (https://github.com/ropensci/rgbif) on 2026-07-16"
"249","GBIF Occurrence Download https://doi.org/10.15468/dl.e2daz3 Accessed from R via rgbif (https://github.com/ropensci/rgbif) on 2026-07-16"
"250","GBIF Occurrence Download https://doi.org/10.15468/dl.usk5xa Accessed from R via rgbif (https://github.com/ropensci/rgbif) on 2026-07-16"
"251","GBIF Occurrence Download https://doi.org/10.15468/dl.s2m58j Accessed from R via rgbif (https://github.com/ropensci/rgbif) on 2026-07-16"
"252","GBIF Occurrence Download https://doi.org/10.15468/dl.5ydvhu Accessed from R via rgbif (https://github.com/ropensci/rgbif) on 2026-07-16"
"253","GBIF Occurrence Download https://doi.org/10.15468/dl.ay26nj Accessed from R via rgbif (https://github.com/ropensci/rgbif) on 2026-07-16"
"254","GBIF Occurrence Download https://doi.org/10.15468/dl.ngh246 Accessed from R via rgbif (https://github.com/ropensci/rgbif) on 2026-07-16"
"255","GBIF Occurrence Download https://doi.org/10.15468/dl.3bk6b2 Accessed from R via rgbif (https://github.com/ropensci/rgbif) on 2026-07-16"
"256","GBIF Occurrence Download https://doi.org/10.15468/dl.av4kc8 Accessed from R via rgbif (https://github.com/ropensci/rgbif) on 2026-07-16"
"257","GBIF Occurrence Download https://doi.org/10.15468/dl.9a7shc Accessed from R via rgbif (https://github.com/ropensci/rgbif) on 2026-07-16"
"258","GBIF Occurrence Download https://doi.org/10.15468/dl.u69s2e Accessed from R via rgbif (https://github.com/ropensci/rgbif) on 2026-07-16"
"259","GBIF Occurrence Download https://doi.org/10.15468/dl.khg4uf Accessed from R via rgbif (https://github.com/ropensci/rgbif) on 2026-07-16"
"260","GBIF Occurrence Download https://doi.org/10.15468/dl.dd39jd Accessed from R via rgbif (https://github.com/ropensci/rgbif) on 2026-07-16"
"261","GBIF Occurrence Download https://doi.org/10.15468/dl.h63sqv Accessed from R via rgbif (https://github.com/ropensci/rgbif) on 2026-07-16"
"262","GBIF Occurrence Download https://doi.org/10.15468/dl.amrcq4 Accessed from R via rgbif (https://github.com/ropensci/rgbif) on 2026-07-16"
"263","GBIF Occurrence Download https://doi.org/10.15468/dl.sg6wyc Accessed from R via rgbif (https://github.com/ropensci/rgbif) on 2026-07-16"
"264","GBIF Occurrence Download https://doi.org/10.15468/dl.detwnq Accessed from R via rgbif (https://github.com/ropensci/rgbif) on 2026-07-16"
"265","GBIF Occurrence Download https://doi.org/10.15468/dl.6ptv63 Accessed from R via rgbif (https://github.com/ropensci/rgbif) on 2026-07-16"
"266","GBIF Occurrence Download https://doi.org/10.15468/dl.e6a4bc Accessed from R via rgbif (https://github.com/ropensci/rgbif) on 2026-07-16"
"267","GBIF Occurrence Download https://doi.org/10.15468/dl.mrdb3b Accessed from R via rgbif (https://github.com/ropensci/rgbif) on 2026-07-16"
"268","GBIF Occurrence Download https://doi.org/10.15468/dl.xt9s58 Accessed from R via rgbif (https://github.com/ropensci/rgbif) on 2026-07-16"
"269","GBIF Occurrence Download https://doi.org/10.15468/dl.v2tz9a Accessed from R via rgbif (https://github.com/ropensci/rgbif) on 2026-07-16"
"270","GBIF Occurrence Download https://doi.org/10.15468/dl.9uh65q Accessed from R via rgbif (https://github.com/ropensci/rgbif) on 2026-07-16"
"271","GBIF Occurrence Download https://doi.org/10.15468/dl.burmjp Accessed from R via rgbif (https://github.com/ropensci/rgbif) on 2026-07-16"
"272","GBIF Occurrence Download https://doi.org/10.15468/dl.zsmh7a Accessed from R via rgbif (https://github.com/ropensci/rgbif) on 2026-07-16"
"273","GBIF Occurrence Download https://doi.org/10.15468/dl.2x9egf Accessed from R via rgbif (https://github.com/ropensci/rgbif) on 2026-07-16"
"274","GBIF Occurrence Download https://doi.org/10.15468/dl.c3uuwz Accessed from R via rgbif (https://github.com/ropensci/rgbif) on 2026-07-16"
"275","GBIF Occurrence Download https://doi.org/10.15468/dl.38hj5h Accessed from R via rgbif (https://github.com/ropensci/rgbif) on 2026-07-16"
"276","GBIF Occurrence Download https://doi.org/10.15468/dl.9puh2e Accessed from R via rgbif (https://github.com/ropensci/rgbif) on 2026-07-16"
"277","GBIF Occurrence Download https://doi.org/10.15468/dl.6hxmur Accessed from R via rgbif (https://github.com/ropensci/rgbif) on 2026-07-16"
"278","GBIF Occurrence Download https://doi.org/10.15468/dl.de57mk Accessed from R via rgbif (https://github.com/ropensci/rgbif) on 2026-07-16"
"279","GBIF Occurrence Download https://doi.org/10.15468/dl.netb7p Accessed from R via rgbif (https://github.com/ropensci/rgbif) on 2026-07-16"
"280","GBIF Occurrence Download https://doi.org/10.15468/dl.3488r3 Accessed from R via rgbif (https://github.com/ropensci/rgbif) on 2026-07-16"
"281","GBIF Occurrence Download https://doi.org/10.15468/dl.dvpqcm Accessed from R via rgbif (https://github.com/ropensci/rgbif) on 2026-07-16"
"282","GBIF Occurrence Download https://doi.org/10.15468/dl.xsn6t3 Accessed from R via rgbif (https://github.com/ropensci/rgbif) on 2026-07-16"
"283","GBIF Occurrence Download https://doi.org/10.15468/dl.6dxu36 Accessed from R via rgbif (https://github.com/ropensci/rgbif) on 2026-07-16"
"284","GBIF Occurrence Download https://doi.org/10.15468/dl.7wd7j2 Accessed from R via rgbif (https://github.com/ropensci/rgbif) on 2026-07-16"
"285","GBIF Occurrence Download https://doi.org/10.15468/dl.u2enus Accessed from R via rgbif (https://github.com/ropensci/rgbif) on 2026-07-16"
"286","GBIF Occurrence Download https://doi.org/10.15468/dl.uyv38t Accessed from R via rgbif (https://github.com/ropensci/rgbif) on 2026-07-16"
"287","GBIF Occurrence Download https://doi.org/10.15468/dl.e3pkvd Accessed from R via rgbif (https://github.com/ropensci/rgbif) on 2026-07-16"
"288","GBIF Occurrence Download https://doi.org/10.15468/dl.982dr2 Accessed from R via rgbif (https://github.com/ropensci/rgbif) on 2026-07-16"
"289","GBIF Occurrence Download https://doi.org/10.15468/dl.pspdcu Accessed from R via rgbif (https://github.com/ropensci/rgbif) on 2026-07-16"
"290","GBIF Occurrence Download https://doi.org/10.15468/dl.ysu975 Accessed from R via rgbif (https://github.com/ropensci/rgbif) on 2026-07-16"
"291","GBIF Occurrence Download https://doi.org/10.15468/dl.rd7vw7 Accessed from R via rgbif (https://github.com/ropensci/rgbif) on 2026-07-16"
"292","GBIF Occurrence Download https://doi.org/10.15468/dl.rzk9bp Accessed from R via rgbif (https://github.com/ropensci/rgbif) on 2026-07-16"
"293","GBIF Occurrence Download https://doi.org/10.15468/dl.nrw6n5 Accessed from R via rgbif (https://github.com/ropensci/rgbif) on 2026-07-16"
"294","GBIF Occurrence Download https://doi.org/10.15468/dl.af8t4b Accessed from R via rgbif (https://github.com/ropensci/rgbif) on 2026-07-16"
"295","GBIF Occurrence Download https://doi.org/10.15468/dl.36g3b8 Accessed from R via rgbif (https://github.com/ropensci/rgbif) on 2026-07-16"
"296","GBIF Occurrence Download https://doi.org/10.15468/dl.5nucmh Accessed from R via rgbif (https://github.com/ropensci/rgbif) on 2026-07-16"
"297","GBIF Occurrence Download https://doi.org/10.15468/dl.69k4va Accessed from R via rgbif (https://github.com/ropensci/rgbif) on 2026-07-16"
"298","GBIF Occurrence Download https://doi.org/10.15468/dl.8n8umv Accessed from R via rgbif (https://github.com/ropensci/rgbif) on 2026-07-16"
"299","GBIF Occurrence Download https://doi.org/10.15468/dl.wbj9q8 Accessed from R via rgbif (https://github.com/ropensci/rgbif) on 2026-07-16"
"300","GBIF Occurrence Download https://doi.org/10.15468/dl.w5mkh9 Accessed from R via rgbif (https://github.com/ropensci/rgbif) on 2026-07-16"
"301","GBIF Occurrence Download https://doi.org/10.15468/dl.6yeyup Accessed from R via rgbif (https://github.com/ropensci/rgbif) on 2026-07-18"
"302","GBIF Occurrence Download https://doi.org/10.15468/dl.22pcmv Accessed from R via rgbif (https://github.com/ropensci/rgbif) on 2026-07-18"
"303","GBIF Occurrence Download https://doi.org/10.15468/dl.9u3s2p Accessed from R via rgbif (https://github.com/ropensci/rgbif) on 2026-07-18"
"304","GBIF Occurrence Download https://doi.org/10.15468/dl.pg7897 Accessed from R via rgbif (https://github.com/ropensci/rgbif) on 2026-07-18"
"305","GBIF Occurrence Download https://doi.org/10.15468/dl.myzhbu Accessed from R via rgbif (https://github.com/ropensci/rgbif) on 2026-07-18"
"306","GBIF Occurrence Download https://doi.org/10.15468/dl.ngjxyn Accessed from R via rgbif (https://github.com/ropensci/rgbif) on 2026-07-18"
"307","GBIF Occurrence Download https://doi.org/10.15468/dl.9kvzne Accessed from R via rgbif (https://github.com/ropensci/rgbif) on 2026-07-18"
"308","GBIF Occurrence Download https://doi.org/10.15468/dl.89mdxb Accessed from R via rgbif (https://github.com/ropensci/rgbif) on 2026-07-18"
"309","GBIF Occurrence Download https://doi.org/10.15468/dl.2p9t2z Accessed from R via rgbif (https://github.com/ropensci/rgbif) on 2026-07-18"
"310","GBIF Occurrence Download https://doi.org/10.15468/dl.4sjd9d Accessed from R via rgbif (https://github.com/ropensci/rgbif) on 2026-07-18"
"311","GBIF Occurrence Download https://doi.org/10.15468/dl.gcbxz5 Accessed from R via rgbif (https://github.com/ropensci/rgbif) on 2026-07-18"
"312","GBIF Occurrence Download https://doi.org/10.15468/dl.4ja6kh Accessed from R via rgbif (https://github.com/ropensci/rgbif) on 2026-07-18"
"313","GBIF Occurrence Download https://doi.org/10.15468/dl.rfpfva Accessed from R via rgbif (https://github.com/ropensci/rgbif) on 2026-07-18"
"314","GBIF Occurrence Download https://doi.org/10.15468/dl.7zxbpd Accessed from R via rgbif (https://github.com/ropensci/rgbif) on 2026-07-18"
"315","GBIF Occurrence Download https://doi.org/10.15468/dl.fkkwzj Accessed from R via rgbif (https://github.com/ropensci/rgbif) on 2026-07-18"
"316","GBIF Occurrence Download https://doi.org/10.15468/dl.epz3dg Accessed from R via rgbif (https://github.com/ropensci/rgbif) on 2026-07-18"
"317","GBIF Occurrence Download https://doi.org/10.15468/dl.5t8e7t Accessed from R via rgbif (https://github.com/ropensci/rgbif) on 2026-07-18"
"318","GBIF Occurrence Download https://doi.org/10.15468/dl.qfxn4s Accessed from R via rgbif (https://github.com/ropensci/rgbif) on 2026-07-18"
"319","GBIF Occurrence Download https://doi.org/10.15468/dl.d3pyp2 Accessed from R via rgbif (https://github.com/ropensci/rgbif) on 2026-07-18"
"320","GBIF Occurrence Download https://doi.org/10.15468/dl.ee6b2d Accessed from R via rgbif (https://github.com/ropensci/rgbif) on 2026-07-18"
"321","GBIF Occurrence Download https://doi.org/10.15468/dl.4vqsen Accessed from R via rgbif (https://github.com/ropensci/rgbif) on 2026-07-18"
"322","GBIF Occurrence Download https://doi.org/10.15468/dl.gpj4hf Accessed from R via rgbif (https://github.com/ropensci/rgbif) on 2026-07-18"
"323","GBIF Occurrence Download https://doi.org/10.15468/dl.3yjqn8 Accessed from R via rgbif (https://github.com/ropensci/rgbif) on 2026-07-18"
"324","GBIF Occurrence Download https://doi.org/10.15468/dl.dxwezs Accessed from R via rgbif (https://github.com/ropensci/rgbif) on 2026-07-18"
"325","GBIF Occurrence Download https://doi.org/10.15468/dl.m5ubh6 Accessed from R via rgbif (https://github.com/ropensci/rgbif) on 2026-07-18"
"326","GBIF Occurrence Download https://doi.org/10.15468/dl.g5rtq8 Accessed from R via rgbif (https://github.com/ropensci/rgbif) on 2026-07-18"
"327","GBIF Occurrence Download https://doi.org/10.15468/dl.aswa7m Accessed from R via rgbif (https://github.com/ropensci/rgbif) on 2026-07-18"
"328","GBIF Occurrence Download https://doi.org/10.15468/dl.cpbmkp Accessed from R via rgbif (https://github.com/ropensci/rgbif) on 2026-07-18"
"329","GBIF Occurrence Download https://doi.org/10.15468/dl.dngfty Accessed from R via rgbif (https://github.com/ropensci/rgbif) on 2026-07-18"
"330","GBIF Occurrence Download https://doi.org/10.15468/dl.gst7bk Accessed from R via rgbif (https://github.com/ropensci/rgbif) on 2026-07-18"
"331","GBIF Occurrence Download https://doi.org/10.15468/dl.64e6v9 Accessed from R via rgbif (https://github.com/ropensci/rgbif) on 2026-07-18"
"332","GBIF Occurrence Download https://doi.org/10.15468/dl.s42bnk Accessed from R via rgbif (https://github.com/ropensci/rgbif) on 2026-07-18"
"333","GBIF Occurrence Download https://doi.org/10.15468/dl.kjp6uk Accessed from R via rgbif (https://github.com/ropensci/rgbif) on 2026-07-18"
"334","GBIF Occurrence Download https://doi.org/10.15468/dl.c888ms Accessed from R via rgbif (https://github.com/ropensci/rgbif) on 2026-07-18"
"335","GBIF Occurrence Download https://doi.org/10.15468/dl.fjdgz6 Accessed from R via rgbif (https://github.com/ropensci/rgbif) on 2026-07-18"
"336","GBIF Occurrence Download https://doi.org/10.15468/dl.qpkm7b Accessed from R via rgbif (https://github.com/ropensci/rgbif) on 2026-07-18"
"337","GBIF Occurrence Download https://doi.org/10.15468/dl.pccabj Accessed from R via rgbif (https://github.com/ropensci/rgbif) on 2026-07-18"
"338","GBIF Occurrence Download https://doi.org/10.15468/dl.vw7r29 Accessed from R via rgbif (https://github.com/ropensci/rgbif) on 2026-07-18"
"339","GBIF Occurrence Download https://doi.org/10.15468/dl.t48zrd Accessed from R via rgbif (https://github.com/ropensci/rgbif) on 2026-07-18"
"340","GBIF Occurrence Download https://doi.org/10.15468/dl.7jvbd2 Accessed from R via rgbif (https://github.com/ropensci/rgbif) on 2026-07-18"
"341","GBIF Occurrence Download https://doi.org/10.15468/dl.u465ep Accessed from R via rgbif (https://github.com/ropensci/rgbif) on 2026-07-18"
"342","GBIF Occurrence Download https://doi.org/10.15468/dl.4aetbb Accessed from R via rgbif (https://github.com/ropensci/rgbif) on 2026-07-18"
"343","GBIF Occurrence Download https://doi.org/10.15468/dl.6efb98 Accessed from R via rgbif (https://github.com/ropensci/rgbif) on 2026-07-18"
"344","GBIF Occurrence Download https://doi.org/10.15468/dl.en3m2e Accessed from R via rgbif (https://github.com/ropensci/rgbif) on 2026-07-18"
"345","GBIF Occurrence Download https://doi.org/10.15468/dl.k8dzv8 Accessed from R via rgbif (https://github.com/ropensci/rgbif) on 2026-07-18"
"346","GBIF Occurrence Download https://doi.org/10.15468/dl.774vvy Accessed from R via rgbif (https://github.com/ropensci/rgbif) on 2026-07-18"
"347","GBIF Occurrence Download https://doi.org/10.15468/dl.8ujfwa Accessed from R via rgbif (https://github.com/ropensci/rgbif) on 2026-07-18"
"348","GBIF Occurrence Download https://doi.org/10.15468/dl.8xxx2k Accessed from R via rgbif (https://github.com/ropensci/rgbif) on 2026-07-18"
"349","GBIF Occurrence Download https://doi.org/10.15468/dl.xuqu8q Accessed from R via rgbif (https://github.com/ropensci/rgbif) on 2026-07-18"
"350","GBIF Occurrence Download https://doi.org/10.15468/dl.n95t9u Accessed from R via rgbif (https://github.com/ropensci/rgbif) on 2026-07-18"
"351","GBIF Occurrence Download https://doi.org/10.15468/dl.uanzgr Accessed from R via rgbif (https://github.com/ropensci/rgbif) on 2026-07-18"
"352","GBIF Occurrence Download https://doi.org/10.15468/dl.4xe3uv Accessed from R via rgbif (https://github.com/ropensci/rgbif) on 2026-07-18"
"353","GBIF Occurrence Download https://doi.org/10.15468/dl.ufys6q Accessed from R via rgbif (https://github.com/ropensci/rgbif) on 2026-07-18"
"354","GBIF Occurrence Download https://doi.org/10.15468/dl.f2d4d6 Accessed from R via rgbif (https://github.com/ropensci/rgbif) on 2026-07-18"
"355","GBIF Occurrence Download https://doi.org/10.15468/dl.e87j65 Accessed from R via rgbif (https://github.com/ropensci/rgbif) on 2026-07-18"
"356","GBIF Occurrence Download https://doi.org/10.15468/dl.588z65 Accessed from R via rgbif (https://github.com/ropensci/rgbif) on 2026-07-18"
"357","GBIF Occurrence Download https://doi.org/10.15468/dl.gdhgbr Accessed from R via rgbif (https://github.com/ropensci/rgbif) on 2026-07-18"
"358","GBIF Occurrence Download https://doi.org/10.15468/dl.wysuaq Accessed from R via rgbif (https://github.com/ropensci/rgbif) on 2026-07-18"
"359","GBIF Occurrence Download https://doi.org/10.15468/dl.4d5ten Accessed from R via rgbif (https://github.com/ropensci/rgbif) on 2026-07-18"
"360","GBIF Occurrence Download https://doi.org/10.15468/dl.2hs54x Accessed from R via rgbif (https://github.com/ropensci/rgbif) on 2026-07-18"
"361","GBIF Occurrence Download https://doi.org/10.15468/dl.fkvwqv Accessed from R via rgbif (https://github.com/ropensci/rgbif) on 2026-07-18"
"362","GBIF Occurrence Download https://doi.org/10.15468/dl.mqngwz Accessed from R via rgbif (https://github.com/ropensci/rgbif) on 2026-07-18"
"363","GBIF Occurrence Download https://doi.org/10.15468/dl.pbdzxh Accessed from R via rgbif (https://github.com/ropensci/rgbif) on 2026-07-18"
"364","GBIF Occurrence Download https://doi.org/10.15468/dl.8uewxu Accessed from R via rgbif (https://github.com/ropensci/rgbif) on 2026-07-18"
"365","GBIF Occurrence Download https://doi.org/10.15468/dl.v8ys87 Accessed from R via rgbif (https://github.com/ropensci/rgbif) on 2026-07-18"
"366","GBIF Occurrence Download https://doi.org/10.15468/dl.zwhgyk Accessed from R via rgbif (https://github.com/ropensci/rgbif) on 2026-07-18"
"367","GBIF Occurrence Download https://doi.org/10.15468/dl.fcse9x Accessed from R via rgbif (https://github.com/ropensci/rgbif) on 2026-07-18"
"368","GBIF Occurrence Download https://doi.org/10.15468/dl.wxsg9j Accessed from R via rgbif (https://github.com/ropensci/rgbif) on 2026-07-18"
"369","GBIF Occurrence Download https://doi.org/10.15468/dl.cz6gjv Accessed from R via rgbif (https://github.com/ropensci/rgbif) on 2026-07-18"
"370","GBIF Occurrence Download https://doi.org/10.15468/dl.4k4ddt Accessed from R via rgbif (https://github.com/ropensci/rgbif) on 2026-07-18"
"371","GBIF Occurrence Download https://doi.org/10.15468/dl.96tvrs Accessed from R via rgbif (https://github.com/ropensci/rgbif) on 2026-07-18"
"372","GBIF Occurrence Download https://doi.org/10.15468/dl.tjpgjf Accessed from R via rgbif (https://github.com/ropensci/rgbif) on 2026-07-18"
"373","GBIF Occurrence Download https://doi.org/10.15468/dl.tzrbed Accessed from R via rgbif (https://github.com/ropensci/rgbif) on 2026-07-18"
"374","GBIF Occurrence Download https://doi.org/10.15468/dl.3mtv52 Accessed from R via rgbif (https://github.com/ropensci/rgbif) on 2026-07-18"
"375","GBIF Occurrence Download https://doi.org/10.15468/dl.acytxr Accessed from R via rgbif (https://github.com/ropensci/rgbif) on 2026-07-18"
"376","GBIF Occurrence Download https://doi.org/10.15468/dl.bgfhsz Accessed from R via rgbif (https://github.com/ropensci/rgbif) on 2026-07-18"
"377","GBIF Occurrence Download https://doi.org/10.15468/dl.bvjwqx Accessed from R via rgbif (https://github.com/ropensci/rgbif) on 2026-07-18"
"378","GBIF Occurrence Download https://doi.org/10.15468/dl.5vyggz Accessed from R via rgbif (https://github.com/ropensci/rgbif) on 2026-07-18"
"379","GBIF Occurrence Download https://doi.org/10.15468/dl.vec6dq Accessed from R via rgbif (https://github.com/ropensci/rgbif) on 2026-07-18"
"380","GBIF Occurrence Download https://doi.org/10.15468/dl.hb54px Accessed from R via rgbif (https://github.com/ropensci/rgbif) on 2026-07-18"
"381","GBIF Occurrence Download https://doi.org/10.15468/dl.sjhge5 Accessed from R via rgbif (https://github.com/ropensci/rgbif) on 2026-07-18"
"382","GBIF Occurrence Download https://doi.org/10.15468/dl.78xwaj Accessed from R via rgbif (https://github.com/ropensci/rgbif) on 2026-07-18"
"383","GBIF Occurrence Download https://doi.org/10.15468/dl.rgwmk9 Accessed from R via rgbif (https://github.com/ropensci/rgbif) on 2026-07-18"
"384","GBIF Occurrence Download https://doi.org/10.15468/dl.qgh3h6 Accessed from R via rgbif (https://github.com/ropensci/rgbif) on 2026-07-18"
"385","GBIF Occurrence Download https://doi.org/10.15468/dl.7htw8p Accessed from R via rgbif (https://github.com/ropensci/rgbif) on 2026-07-18"
"386","GBIF Occurrence Download https://doi.org/10.15468/dl.n27bu7 Accessed from R via rgbif (https://github.com/ropensci/rgbif) on 2026-07-18"
"387","GBIF Occurrence Download https://doi.org/10.15468/dl.t28fx3 Accessed from R via rgbif (https://github.com/ropensci/rgbif) on 2026-07-18"
"388","GBIF Occurrence Download https://doi.org/10.15468/dl.rk8ym9 Accessed from R via rgbif (https://github.com/ropensci/rgbif) on 2026-07-18"
"389","GBIF Occurrence Download https://doi.org/10.15468/dl.xavprs Accessed from R via rgbif (https://github.com/ropensci/rgbif) on 2026-07-18"
"390","GBIF Occurrence Download https://doi.org/10.15468/dl.fvcfnv Accessed from R via rgbif (https://github.com/ropensci/rgbif) on 2026-07-18"
"391","GBIF Occurrence Download https://doi.org/10.15468/dl.23yxjh Accessed from R via rgbif (https://github.com/ropensci/rgbif) on 2026-07-18"
"392","GBIF Occurrence Download https://doi.org/10.15468/dl.mzytpr Accessed from R via rgbif (https://github.com/ropensci/rgbif) on 2026-07-18"
"393","GBIF Occurrence Download https://doi.org/10.15468/dl.5cp8jd Accessed from R via rgbif (https://github.com/ropensci/rgbif) on 2026-07-18"
"394","GBIF Occurrence Download https://doi.org/10.15468/dl.rj5tbs Accessed from R via rgbif (https://github.com/ropensci/rgbif) on 2026-07-18"
"395","GBIF Occurrence Download https://doi.org/10.15468/dl.urcrfu Accessed from R via rgbif (https://github.com/ropensci/rgbif) on 2026-07-18"
"396","GBIF Occurrence Download https://doi.org/10.15468/dl.p52396 Accessed from R via rgbif (https://github.com/ropensci/rgbif) on 2026-07-18"
"397","GBIF Occurrence Download https://doi.org/10.15468/dl.jzycee Accessed from R via rgbif (https://github.com/ropensci/rgbif) on 2026-07-20"
"398","GBIF Occurrence Download https://doi.org/10.15468/dl.ra55vg Accessed from R via rgbif (https://github.com/ropensci/rgbif) on 2026-07-20"
"399","GBIF Occurrence Download https://doi.org/10.15468/dl.ug6h2s Accessed from R via rgbif (https://github.com/ropensci/rgbif) on 2026-07-21"
"400","GBIF Occurrence Download https://doi.org/10.15468/dl.2xre7a Accessed from R via rgbif (https://github.com/ropensci/rgbif) on 2026-07-21"
"401","GBIF Occurrence Download https://doi.org/10.15468/dl.sp8b93 Accessed from R via rgbif (https://github.com/ropensci/rgbif) on 2026-07-21"
"402","GBIF Occurrence Download https://doi.org/10.15468/dl.haytgw Accessed from R via rgbif (https://github.com/ropensci/rgbif) on 2026-07-21"
"403","GBIF Occurrence Download https://doi.org/10.15468/dl.meagvg Accessed from R via rgbif (https://github.com/ropensci/rgbif) on 2026-07-21"
"404","GBIF Occurrence Download https://doi.org/10.15468/dl.zg9vn6 Accessed from R via rgbif (https://github.com/ropensci/rgbif) on 2026-07-21"
"405","GBIF Occurrence Download https://doi.org/10.15468/dl.m94c4f Accessed from R via rgbif (https://github.com/ropensci/rgbif) on 2026-07-21"
"406","GBIF Occurrence Download https://doi.org/10.15468/dl.x537y8 Accessed from R via rgbif (https://github.com/ropensci/rgbif) on 2026-07-21"
"407","GBIF Occurrence Download https://doi.org/10.15468/dl.u9pysr Accessed from R via rgbif (https://github.com/ropensci/rgbif) on 2026-07-21"
"408","GBIF Occurrence Download https://doi.org/10.15468/dl.wgqqzw Accessed from R via rgbif (https://github.com/ropensci/rgbif) on 2026-07-21"
"409","GBIF Occurrence Download https://doi.org/10.15468/dl.4yx9ts Accessed from R via rgbif (https://github.com/ropensci/rgbif) on 2026-07-21"
"410","GBIF Occurrence Download https://doi.org/10.15468/dl.tv4xv6 Accessed from R via rgbif (https://github.com/ropensci/rgbif) on 2026-07-21"
"411","GBIF Occurrence Download https://doi.org/10.15468/dl.2mxjzg Accessed from R via rgbif (https://github.com/ropensci/rgbif) on 2026-07-21"
"412","GBIF Occurrence Download https://doi.org/10.15468/dl.pj8yuk Accessed from R via rgbif (https://github.com/ropensci/rgbif) on 2026-07-21"
"413","GBIF Occurrence Download https://doi.org/10.15468/dl.wbkkhw Accessed from R via rgbif (https://github.com/ropensci/rgbif) on 2026-07-21"
"414","GBIF Occurrence Download https://doi.org/10.15468/dl.5w3ggp Accessed from R via rgbif (https://github.com/ropensci/rgbif) on 2026-07-21"
"415","GBIF Occurrence Download https://doi.org/10.15468/dl.mc7yjm Accessed from R via rgbif (https://github.com/ropensci/rgbif) on 2026-07-21"
"416","GBIF Occurrence Download https://doi.org/10.15468/dl.betvs5 Accessed from R via rgbif (https://github.com/ropensci/rgbif) on 2026-07-21"
"417","GBIF Occurrence Download https://doi.org/10.15468/dl.xvk2xe Accessed from R via rgbif (https://github.com/ropensci/rgbif) on 2026-07-21"
"418","GBIF Occurrence Download https://doi.org/10.15468/dl.33wgyq Accessed from R via rgbif (https://github.com/ropensci/rgbif) on 2026-07-21"
"419","GBIF Occurrence Download https://doi.org/10.15468/dl.vbspd3 Accessed from R via rgbif (https://github.com/ropensci/rgbif) on 2026-07-21"
"420","GBIF Occurrence Download https://doi.org/10.15468/dl.67ka2w Accessed from R via rgbif (https://github.com/ropensci/rgbif) on 2026-07-21"
"421","GBIF Occurrence Download https://doi.org/10.15468/dl.58eqbz Accessed from R via rgbif (https://github.com/ropensci/rgbif) on 2026-07-21"
"422","GBIF Occurrence Download https://doi.org/10.15468/dl.mmuepj Accessed from R via rgbif (https://github.com/ropensci/rgbif) on 2026-07-21"
"423","GBIF Occurrence Download https://doi.org/10.15468/dl.5vwbg2 Accessed from R via rgbif (https://github.com/ropensci/rgbif) on 2026-07-21"
"424","GBIF Occurrence Download https://doi.org/10.15468/dl.uu3u4h Accessed from R via rgbif (https://github.com/ropensci/rgbif) on 2026-07-21"
"425","GBIF Occurrence Download https://doi.org/10.15468/dl.d9zepe Accessed from R via rgbif (https://github.com/ropensci/rgbif) on 2026-07-21"
"426","GBIF Occurrence Download https://doi.org/10.15468/dl.awnknq Accessed from R via rgbif (https://github.com/ropensci/rgbif) on 2026-07-21"
"427","GBIF Occurrence Download https://doi.org/10.15468/dl.mqk864 Accessed from R via rgbif (https://github.com/ropensci/rgbif) on 2026-07-21"
"428","GBIF Occurrence Download https://doi.org/10.15468/dl.zf9ygp Accessed from R via rgbif (https://github.com/ropensci/rgbif) on 2026-07-21"
"429","GBIF Occurrence Download https://doi.org/10.15468/dl.pmpwpq Accessed from R via rgbif (https://github.com/ropensci/rgbif) on 2026-07-21"
"430","GBIF Occurrence Download https://doi.org/10.15468/dl.wx6y68 Accessed from R via rgbif (https://github.com/ropensci/rgbif) on 2026-07-22"
"431","GBIF Occurrence Download https://doi.org/10.15468/dl.qjb8tz Accessed from R via rgbif (https://github.com/ropensci/rgbif) on 2026-07-22"
"432","GBIF Occurrence Download https://doi.org/10.15468/dl.rfc2s6 Accessed from R via rgbif (https://github.com/ropensci/rgbif) on 2026-07-22"
"433","GBIF Occurrence Download https://doi.org/10.15468/dl.bk5bnp Accessed from R via rgbif (https://github.com/ropensci/rgbif) on 2026-07-22"
"434","GBIF Occurrence Download https://doi.org/10.15468/dl.u2ynw5 Accessed from R via rgbif (https://github.com/ropensci/rgbif) on 2026-07-22"
"435","GBIF Occurrence Download https://doi.org/10.15468/dl.sbm8y7 Accessed from R via rgbif (https://github.com/ropensci/rgbif) on 2026-07-22"
"436","GBIF Occurrence Download https://doi.org/10.15468/dl.krfu3f Accessed from R via rgbif (https://github.com/ropensci/rgbif) on 2026-07-22"
"437","GBIF Occurrence Download https://doi.org/10.15468/dl.fjy9xr Accessed from R via rgbif (https://github.com/ropensci/rgbif) on 2026-07-22"
"438","GBIF Occurrence Download https://doi.org/10.15468/dl.e4w77k Accessed from R via rgbif (https://github.com/ropensci/rgbif) on 2026-07-22"
"439","GBIF Occurrence Download https://doi.org/10.15468/dl.kdajuz Accessed from R via rgbif (https://github.com/ropensci/rgbif) on 2026-07-22"
"440","GBIF Occurrence Download https://doi.org/10.15468/dl.wun7uh Accessed from R via rgbif (https://github.com/ropensci/rgbif) on 2026-07-22"
"441","GBIF Occurrence Download https://doi.org/10.15468/dl.5mqmra Accessed from R via rgbif (https://github.com/ropensci/rgbif) on 2026-07-22"
"442","GBIF Occurrence Download https://doi.org/10.15468/dl.qs4kpm Accessed from R via rgbif (https://github.com/ropensci/rgbif) on 2026-07-22"
"443","GBIF Occurrence Download https://doi.org/10.15468/dl.6bfwem Accessed from R via rgbif (https://github.com/ropensci/rgbif) on 2026-07-22"
"444","GBIF Occurrence Download https://doi.org/10.15468/dl.bv75hn Accessed from R via rgbif (https://github.com/ropensci/rgbif) on 2026-07-22"
"445","GBIF Occurrence Download https://doi.org/10.15468/dl.4yg6gb Accessed from R via rgbif (https://github.com/ropensci/rgbif) on 2026-07-22"
"446","GBIF Occurrence Download https://doi.org/10.15468/dl.5sbcy6 Accessed from R via rgbif (https://github.com/ropensci/rgbif) on 2026-07-22"
"447","GBIF Occurrence Download https://doi.org/10.15468/dl.zmceks Accessed from R via rgbif (https://github.com/ropensci/rgbif) on 2026-07-22"
"448","GBIF Occurrence Download https://doi.org/10.15468/dl.njvawh Accessed from R via rgbif (https://github.com/ropensci/rgbif) on 2026-07-22"
"449","GBIF Occurrence Download https://doi.org/10.15468/dl.572tsp Accessed from R via rgbif (https://github.com/ropensci/rgbif) on 2026-07-22"
"450","GBIF Occurrence Download https://doi.org/10.15468/dl.pwn6h9 Accessed from R via rgbif (https://github.com/ropensci/rgbif) on 2026-07-22"
"451","GBIF Occurrence Download https://doi.org/10.15468/dl.uhx3qy Accessed from R via rgbif (https://github.com/ropensci/rgbif) on 2026-07-22"
"452","GBIF Occurrence Download https://doi.org/10.15468/dl.2mfkq3 Accessed from R via rgbif (https://github.com/ropensci/rgbif) on 2026-07-22"
"453","GBIF Occurrence Download https://doi.org/10.15468/dl.jm5a7r Accessed from R via rgbif (https://github.com/ropensci/rgbif) on 2026-07-22"
"454","GBIF Occurrence Download https://doi.org/10.15468/dl.g3r4nz Accessed from R via rgbif (https://github.com/ropensci/rgbif) on 2026-07-22"
"455","GBIF Occurrence Download https://doi.org/10.15468/dl.dta7j9 Accessed from R via rgbif (https://github.com/ropensci/rgbif) on 2026-07-22"
"456","GBIF Occurrence Download https://doi.org/10.15468/dl.mh8v27 Accessed from R via rgbif (https://github.com/ropensci/rgbif) on 2026-07-22"
"457","GBIF Occurrence Download https://doi.org/10.15468/dl.hne2yv Accessed from R via rgbif (https://github.com/ropensci/rgbif) on 2026-07-22"
"458","GBIF Occurrence Download https://doi.org/10.15468/dl.d7ucxg Accessed from R via rgbif (https://github.com/ropensci/rgbif) on 2026-07-22"
"459","GBIF Occurrence Download https://doi.org/10.15468/dl.r5rrws Accessed from R via rgbif (https://github.com/ropensci/rgbif) on 2026-07-22"
"460","GBIF Occurrence Download https://doi.org/10.15468/dl.t32ncf Accessed from R via rgbif (https://github.com/ropensci/rgbif) on 2026-07-22"
"461","GBIF Occurrence Download https://doi.org/10.15468/dl.sh7yyw Accessed from R via rgbif (https://github.com/ropensci/rgbif) on 2026-07-22"
"462","GBIF Occurrence Download https://doi.org/10.15468/dl.uf2hwt Accessed from R via rgbif (https://github.com/ropensci/rgbif) on 2026-07-22"
"463","GBIF Occurrence Download https://doi.org/10.15468/dl.a4pve4 Accessed from R via rgbif (https://github.com/ropensci/rgbif) on 2026-07-22"
"464","GBIF Occurrence Download https://doi.org/10.15468/dl.55zae5 Accessed from R via rgbif (https://github.com/ropensci/rgbif) on 2026-07-22"
"465","GBIF Occurrence Download https://doi.org/10.15468/dl.vhb5ch Accessed from R via rgbif (https://github.com/ropensci/rgbif) on 2026-07-22"
"466","GBIF Occurrence Download https://doi.org/10.15468/dl.ya2nz3 Accessed from R via rgbif (https://github.com/ropensci/rgbif) on 2026-07-22"
"467","GBIF Occurrence Download https://doi.org/10.15468/dl.gt2wg8 Accessed from R via rgbif (https://github.com/ropensci/rgbif) on 2026-07-22"
"468","GBIF Occurrence Download https://doi.org/10.15468/dl.5cupxu Accessed from R via rgbif (https://github.com/ropensci/rgbif) on 2026-07-22"
"469","GBIF Occurrence Download https://doi.org/10.15468/dl.axneyq Accessed from R via rgbif (https://github.com/ropensci/rgbif) on 2026-07-22"
"470","GBIF Occurrence Download https://doi.org/10.15468/dl.qz67ex Accessed from R via rgbif (https://github.com/ropensci/rgbif) on 2026-07-22"
"471","GBIF Occurrence Download https://doi.org/10.15468/dl.t8re5j Accessed from R via rgbif (https://github.com/ropensci/rgbif) on 2026-07-22"
"472","GBIF Occurrence Download https://doi.org/10.15468/dl.gnq3fj Accessed from R via rgbif (https://github.com/ropensci/rgbif) on 2026-07-22"
"473","GBIF Occurrence Download https://doi.org/10.15468/dl.7xvcvc Accessed from R via rgbif (https://github.com/ropensci/rgbif) on 2026-07-22"
"474","GBIF Occurrence Download https://doi.org/10.15468/dl.7cra4c Accessed from R via rgbif (https://github.com/ropensci/rgbif) on 2026-07-22"
"475","GBIF Occurrence Download https://doi.org/10.15468/dl.tnqm5s Accessed from R via rgbif (https://github.com/ropensci/rgbif) on 2026-07-22"
"476","GBIF Occurrence Download https://doi.org/10.15468/dl.89v9x9 Accessed from R via rgbif (https://github.com/ropensci/rgbif) on 2026-07-22"
"477","GBIF Occurrence Download https://doi.org/10.15468/dl.632q99 Accessed from R via rgbif (https://github.com/ropensci/rgbif) on 2026-07-22"
"478","GBIF Occurrence Download https://doi.org/10.15468/dl.43ma8f Accessed from R via rgbif (https://github.com/ropensci/rgbif) on 2026-07-22"
"479","GBIF Occurrence Download https://doi.org/10.15468/dl.dhqfuf Accessed from R via rgbif (https://github.com/ropensci/rgbif) on 2026-07-22"
"480","GBIF Occurrence Download https://doi.org/10.15468/dl.pf2emg Accessed from R via rgbif (https://github.com/ropensci/rgbif) on 2026-07-22"
"481","GBIF Occurrence Download https://doi.org/10.15468/dl.jm7j7f Accessed from R via rgbif (https://github.com/ropensci/rgbif) on 2026-07-22"
"482","GBIF Occurrence Download https://doi.org/10.15468/dl.c6a3dt Accessed from R via rgbif (https://github.com/ropensci/rgbif) on 2026-07-22"
"483","GBIF Occurrence Download https://doi.org/10.15468/dl.7gd9ch Accessed from R via rgbif (https://github.com/ropensci/rgbif) on 2026-07-22"
"484","GBIF Occurrence Download https://doi.org/10.15468/dl.p4mnk9 Accessed from R via rgbif (https://github.com/ropensci/rgbif) on 2026-07-22"
"485","GBIF Occurrence Download https://doi.org/10.15468/dl.2rftjg Accessed from R via rgbif (https://github.com/ropensci/rgbif) on 2026-07-22"
"486","GBIF Occurrence Download https://doi.org/10.15468/dl.5bwgq7 Accessed from R via rgbif (https://github.com/ropensci/rgbif) on 2026-07-22"
"487","GBIF Occurrence Download https://doi.org/10.15468/dl.nxwcnn Accessed from R via rgbif (https://github.com/ropensci/rgbif) on 2026-07-22"
"488","GBIF Occurrence Download https://doi.org/10.15468/dl.2ntjje Accessed from R via rgbif (https://github.com/ropensci/rgbif) on 2026-07-22"
"489","GBIF Occurrence Download https://doi.org/10.15468/dl.mn5322 Accessed from R via rgbif (https://github.com/ropensci/rgbif) on 2026-07-22"
"490","GBIF Occurrence Download https://doi.org/10.15468/dl.m39s6t Accessed from R via rgbif (https://github.com/ropensci/rgbif) on 2026-07-22"
"491","GBIF Occurrence Download https://doi.org/10.15468/dl.f6ycxm Accessed from R via rgbif (https://github.com/ropensci/rgbif) on 2026-07-22"
"492","GBIF Occurrence Download https://doi.org/10.15468/dl.vsj2ma Accessed from R via rgbif (https://github.com/ropensci/rgbif) on 2026-07-22"
"493","GBIF Occurrence Download https://doi.org/10.15468/dl.p95gsn Accessed from R via rgbif (https://github.com/ropensci/rgbif) on 2026-07-22"
"494","GBIF Occurrence Download https://doi.org/10.15468/dl.ywqx75 Accessed from R via rgbif (https://github.com/ropensci/rgbif) on 2026-07-22"
"495","GBIF Occurrence Download https://doi.org/10.15468/dl.v9hbkt Accessed from R via rgbif (https://github.com/ropensci/rgbif) on 2026-07-22"
"496","GBIF Occurrence Download https://doi.org/10.15468/dl.9t8s6t Accessed from R via rgbif (https://github.com/ropensci/rgbif) on 2026-07-22"
"497","GBIF Occurrence Download https://doi.org/10.15468/dl.mjxsyw Accessed from R via rgbif (https://github.com/ropensci/rgbif) on 2026-07-22"
"498","GBIF Occurrence Download https://doi.org/10.15468/dl.sbq8sr Accessed from R via rgbif (https://github.com/ropensci/rgbif) on 2026-07-22"
"499","GBIF Occurrence Download https://doi.org/10.15468/dl.bzmc36 Accessed from R via rgbif (https://github.com/ropensci/rgbif) on 2026-07-22"
"500","GBIF Occurrence Download https://doi.org/10.15468/dl.9rzc5n Accessed from R via rgbif (https://github.com/ropensci/rgbif) on 2026-07-22"
"501","GBIF Occurrence Download https://doi.org/10.15468/dl.qheeru Accessed from R via rgbif (https://github.com/ropensci/rgbif) on 2026-07-22"
"502","GBIF Occurrence Download https://doi.org/10.15468/dl.69p8kx Accessed from R via rgbif (https://github.com/ropensci/rgbif) on 2026-07-22"
"503","GBIF Occurrence Download https://doi.org/10.15468/dl.ryshv2 Accessed from R via rgbif (https://github.com/ropensci/rgbif) on 2026-07-22"
"504","GBIF Occurrence Download https://doi.org/10.15468/dl.dfk3y8 Accessed from R via rgbif (https://github.com/ropensci/rgbif) on 2026-07-22"
"505","GBIF Occurrence Download https://doi.org/10.15468/dl.uc5pxt Accessed from R via rgbif (https://github.com/ropensci/rgbif) on 2026-07-22"
"506","GBIF Occurrence Download https://doi.org/10.15468/dl.qkcyh5 Accessed from R via rgbif (https://github.com/ropensci/rgbif) on 2026-07-22"
"507","GBIF Occurrence Download https://doi.org/10.15468/dl.ksbqav Accessed from R via rgbif (https://github.com/ropensci/rgbif) on 2026-07-22"
"508","GBIF Occurrence Download https://doi.org/10.15468/dl.kww3xn Accessed from R via rgbif (https://github.com/ropensci/rgbif) on 2026-07-22"
"509","GBIF Occurrence Download https://doi.org/10.15468/dl.qbkwkw Accessed from R via rgbif (https://github.com/ropensci/rgbif) on 2026-07-22"
"510","GBIF Occurrence Download https://doi.org/10.15468/dl.96d6md Accessed from R via rgbif (https://github.com/ropensci/rgbif) on 2026-07-22"
"511","GBIF Occurrence Download https://doi.org/10.15468/dl.w728tj Accessed from R via rgbif (https://github.com/ropensci/rgbif) on 2026-07-22"
"512","GBIF Occurrence Download https://doi.org/10.15468/dl.87sa7u Accessed from R via rgbif (https://github.com/ropensci/rgbif) on 2026-07-22"
"513","GBIF Occurrence Download https://doi.org/10.15468/dl.zrpfhz Accessed from R via rgbif (https://github.com/ropensci/rgbif) on 2026-07-22"
"514","GBIF Occurrence Download https://doi.org/10.15468/dl.yb387x Accessed from R via rgbif (https://github.com/ropensci/rgbif) on 2026-07-22"
"515","GBIF Occurrence Download https://doi.org/10.15468/dl.t2hzps Accessed from R via rgbif (https://github.com/ropensci/rgbif) on 2026-07-22"
